{
  "$schema": "https://codecreatorsio.sharepoint.com/sites/powerproject",
  "id": "af06c217-dfb6-4d1e-a0a4-7101e43ba4bb",
  "alias": "LinkWebPartWebPart",
  "componentType": "WebPart",

  // The "*" signifies that the version should be taken from the package.json
  "version": "*",
  "manifestVersion": 2,

  // If true, the component can only be installed on sites where Custom Script is allowed.
  // Components that allow authors to embed arbitrary script code should set this to true.
  // https://support.office.com/en-us/article/Turn-scripting-capabilities-on-or-off-1f2c515f-5d7e-448a-9fd7-835da935584f
  "requiresCustomScript": false,
  "supportedHosts": [
    "SharePointWebPart",
    "TeamsPersonalApp",
    "TeamsTab",
    "SharePointFullPage"
  ],
  "supportsThemeVariants": true,
  "supportsFullBleed": true,
  "preconfiguredEntries": [
    {
      "groupId": "5c03119e-3074-46fd-976b-c60198311f70", // Other
      "group": { "default": "Other" },
      "title": { "default": "LinkWebPart" },
      "description": { "default": "LinkWebPart description" },
      "officeFabricIconFontName": "Page",
      "properties": {
        "description": "LinkWebPart"
      }
    }
  ]
}
